{
    "colors":[],
    "faces":[35,0,1,2,3,0,0,0,0,0,35,4,7,6,5,0,1,1,1,1,35,0,4,5,1,0,2,2,2,2,35,1,5,6,2,0,3,3,3,3,35,2,6,7,3,0,4,4,4,4,35,4,0,3,7,0,5,5,5,5],
    "metadata":{
        "colors":0,
        "faces":6,
        "generator":"io_three",
        "bones":0,
        "vertices":8,
        "morphTargets":0,
        "normals":6,
        "uvs":0,
        "version":3,
        "type":"Geometry",
        "materials":1
    },
    "vertices":[-0.855911,2.46135,-1.08579,-0.855911,2.46135,0.914208,-2.85591,2.46135,0.914207,-2.85591,2.46135,-1.08579,-0.85591,4.46135,-1.08579,-0.855911,4.46135,0.914208,-2.85591,4.46135,0.914207,-2.85591,4.46135,-1.08579],
    "morphTargets":[],
    "normals":[0,-1,0,0,1,0,1,0,0,-0,-0,1,-1,-0,-0,0,0,-1],
    "uvs":[],
    "skinIndices":[],
    "skinWeights":[],
    "bones":[],
    "animations":[],
    "materials":[{
        "DbgColor":15658734,
        "opacity":1,
        "depthWrite":true,
        "specularCoef":50,
        "shading":"phong",
        "depthTest":true,
        "doubleSided":false,
        "vertexColors":false,
        "visible":true,
        "transparent":false,
        "colorSpecular":[0.5,0.5,0.5],
        "blending":"NormalBlending",
        "DbgIndex":0,
        "DbgName":"Material",
        "colorDiffuse":[0.043221,0,0.64],
        "colorEmissive":[0,0,0],
        "wireframe":false
    }],
    "influencesPerVertex":2
}